github_org,project_count
soneso,2
bp-ventures,2
inferara,2
withobsrvr,2
orgs,2
creit-tech,2
57blocks,2
reflector-network,1
anchainai,1
stellarchain,1
coinfabrik,1
communidao,1
tenk-dao,1
xycloo,1
crosschainlabs-stellar,1
reclaimprotocol,1
publicnode,1
gateway-fm,1
voltahq,1
rangesecurity,1
holosoe,1
spaced-out-thoughts-dev-foundation,1
runtimeverification,1
decentrio,1
beamable,1
tupui,1
almanax-ai,1
loambuild,1
dobprotocol,1
blockful,1
subs-protocol,1
solity-network,1
authentication-labs,1
moonlight-protocol,1
indexed-xyz,1
sebwingleet,1
idos-network,1
mobulafi,1
agnosticeng,1
daccred,1
flashbacknetwork,1
script3,1
josectoscano,1
spaceboatdvlp,1
rebluedev,1
subquery,1
siborg-ads,1
vialabs-io,1
bluxcc,1
baseflow,1
k3-labs,1
falparis,1
nodiesorg,1
bandprotocol,1
websoroban,1
blaineheffron,1
rahul-soshte,1
sorobanhooks,1
mishabunte,1
nibrasd,1
overcat,1
enerdao,1
towa-hi,1
tigerblocks,1
hyperledger-solang,1
diadata-org,1
lightsail-network,1
chatch,1
transfuselabs,1
antontat27,1
stellarcn,1
dfns,1
paltalabs,1
richafltr,1
calimero-network,1
frankszendzielarz,1
fiono11,1
stellar-expert,1
